{"EnergyLevelLabels": ["e1", "e2", "e3", "e4", "e5", "e6"], "EnergyLevels": [0.0, 1700.0, 3000.0, 4300.0, 6000.0, 7500.0], "SLJ": [[0.5, 3.0, 2.5], [0.5, 3.0, 2.5], [0.5, 3.0, 2.5], [0.5, 3.0, 2.5], [0.5, 3.0, 2.5], [0.5, 3.0, 2.5]], "absFWHM": [400.0, 400.0, 400.0, 400.0, 400.0, 400.0], "lineStrengths": [4.9999998e-21, 4.9999998e-21, 4.9999998e-21, 4.9999998e-21, 4.9999998e-21], "TransitionLabels": ["e1->e2", "e1->e3", "e1->e4", "e1->e5", "e1->e6"]}