{"EnergyLevelLabels": ["3H6", "3F4", "3H5", "3H4", "3F3", "3F2", "1G4", "1D2"], "EnergyLevels": [153.0, 5828.0, 8396.0, 12735.0, 14598.0, 15180.0, 21352.0, 28028.0], "SLJ": [[1.0, 5.0, 6.0], [1.0, 3.0, 4.0], [1.0, 5.0, 5.0], [1.0, 5.0, 4.0], [1.0, 3.0, 3.0], [1.0, 3.0, 2.0], [0.0, 4.0, 4.0], [0.0, 2.0, 2.0]], "absFWHM": [400.0, 400.0, 400.0, 400.0, 400.0, 400.0, 400.0, 400.0], "lineStrengths": [2.8500001e-20, 1.5999999e-20, 1.6199999e-20, 1.8499999e-20, 3.7300001e-21, 2.66e-21, 7.5199999e-21, 1.09e-21, 1.2e-21, 1.78e-21, 5.7800001e-21, 2.8500001e-20, 1.7399999e-20, 8.3699999e-21, 2.46e-21, 8.0999997e-21, 1.49e-21, 1.37e-20, 5.4599999e-21, 1.6999999e-20, 2.16e-21, 4.4999999e-21, 1.5999999e-20, 1.7399999e-20, 9.9300003e-21, 1.9799999e-20, 1.42e-20, 9.4300003e-21, 2.8899999e-22, 0.0, 1.43e-22, 7.0299996e-21, 6.7099999e-21, 1.6199999e-20, 8.3699999e-21, 9.9300003e-21, 1.24e-20, 1.02e-20, 8.7600002e-21, 6.0300001e-21, 4.0999999e-22, 9.0499997e-21, 8.1499997e-21, 6.02e-21, 1.8499999e-20, 2.46e-21, 1.9799999e-20, 1.24e-20, 1.59e-21, 6.0900001e-21, 4.6499999e-21, 0.0, 1.6299999e-22, 1.56e-20, 7.6600002e-21, 3.7300001e-21, 8.0999997e-21, 1.42e-20, 1.02e-20, 1.59e-21, 2.16e-21, 7.4600002e-21, 7.2299996e-21, 5.9300001e-21, 2.79e-21, 9.6200005e-22, 2.66e-21, 1.49e-21, 9.4300003e-21, 8.7600002e-21, 6.0900001e-21, 2.16e-21, 7.3600003e-21, 1.06e-21, 3.85e-20, 1.01e-22, 1.37e-20, 7.5199999e-21, 1.37e-20, 2.8899999e-22, 6.0300001e-21, 4.6499999e-21, 7.4600002e-21, 7.3600003e-21, 5.16e-22, 1.32e-20, 9.0699999e-21, 3.14e-21, 1.09e-21, 5.4599999e-21, 0.0, 4.0999999e-22, 0.0, 7.2299996e-21, 1.06e-21, 5.16e-22, 2.7399999e-22, 0.0, 2.54e-21, 1.78e-21], "TransitionLabels": ["3H6->3F4", "3H6->3H5", "3H6->3H4", "3H6->3F3", "3H6->3F2", "3H6->1G4", "3H6->1D2", "3H6->3P0", "3H6->1I6", "3H6->3P1", "3H6->3P2", "3F4->3H6", "3F4->3H5", "3F4->3H4", "3F4->3F3", "3F4->3F2", "3F4->1G4", "3F4->1D2", "3F4->3P0", "3F4->1I6", "3F4->3P1", "3F4->3P2", "3H5->3H6", "3H5->3F4", "3H5->3H4", "3H5->3F3", "3H5->3F2", "3H5->1G4", "3H5->1D2", "3H5->3P0", "3H5->1I6", "3H5->3P1", "3H5->3P2", "3H4->3H6", "3H4->3F4", "3H4->3H5", "3H4->3F3", "3H4->3F2", "3H4->1G4", "3H4->1D2", "3H4->3P0", "3H4->1I6", "3H4->3P1", "3H4->3P2", "3F3->3H6", "3F3->3F4", "3F3->3H5", "3F3->3H4", "3F3->3F2", "3F3->1G4", "3F3->1D2", "3F3->3P0", "3F3->1I6", "3F3->3P1", "3F3->3P2", "3F2->3H6", "3F2->3F4", "3F2->3H5", "3F2->3H4", "3F2->3F3", "3F2->1G4", "3F2->1D2", "3F2->3P0", "3F2->1I6", "3F2->3P1", "3F2->3P2", "1G4->3H6", "1G4->3F4", "1G4->3H5", "1G4->3H4", "1G4->3F3", "1G4->3F2", "1G4->1D2", "1G4->3P0", "1G4->1I6", "1G4->3P1", "1G4->3P2", "1D2->3H6", "1D2->3F4", "1D2->3H5", "1D2->3H4", "1D2->3F3", "1D2->3F2", "1D2->1G4", "1D2->3P0", "1D2->1I6", "1D2->3P1", "1D2->3P2", "3P0->3H6", "3P0->3F4", "3P0->3H5", "3P0->3H4", "3P0->3F3", "3P0->3F2", "3P0->1G4", "3P0->1D2", "3P0->1I6", "3P0->3P1", "3P0->3P2", "3P1->3H6"], "JO_params": [2.0399999e-20, 2.0099999e-20, 1.44e-20], "eigenvectorSL": [[0.0, 2.0], [0.0, 4.0], [0.0, 6.0], [0.0, 0.0], [1.0, 3.0], [1.0, 5.0], [1.0, 1.0]], "intermediateCouplingCoeffs": [[0.0, 0.0, -0.094268971, 0.0, 0.0, -0.995546765, 0.0], [0.0, 0.532561288, 0.0, 0.0, 0.802771157, -0.268210634, 0.0], [0.0, 0.0, 0.0, 0.0, 0.0, 1.0, 0.0], [0.0, -0.383733927, 0.0, 0.0, 0.511454789, 0.768870777, 0.0], [0.0, 0.0, 0.0, 0.0, 1.0, 0.0, 0.0], [0.450171402, 0.0, 0.0, 0.0, -0.880534479, 0.0, 0.148339947], [0.0, -0.754404897, 0.0, 0.0, 0.306549291, -0.58043155, 0.0], [0.587002393, 0.0, 0.0, 0.0, 0.417006588, 0.0, 0.69392629]]}