{"EnergyLevelLabels": ["3H6", "3F4", "3H5", "3H4", "3F3", "3F2", "1G4", "1D2", "3P0", "1I6", "3P1", "3P2"], "EnergyLevels": [153.0, 5828.0, 8396.0, 12735.0, 14598.0, 15180.0, 21352.0, 28028.0, 34886.0, 35621.0, 36603.0, 38344.0], "SLJ": [[1.0, 5.0, 6.0], [1.0, 3.0, 4.0], [1.0, 5.0, 5.0], [1.0, 5.0, 4.0], [1.0, 3.0, 3.0], [1.0, 3.0, 2.0], [0.0, 4.0, 4.0], [0.0, 2.0, 2.0], [1.0, 1.0, 0.0], [0.0, 6.0, 6.0], [1.0, 1.0, 1.0], [1.0, 1.0, 2.0]], "absFWHM": [400.0, 400.0, 400.0, 400.0, 400.0, 400.0, 400.0, 400.0, 400.0, 400.0, 400.0, 400.0], "lineStrengths": [2.8465799e-20, 1.60131e-20, 1.6206601e-20, 1.8462001e-20, 3.7252499e-21, 2.6641199e-21, 7.5222302e-21, 1.09008e-21, 1.20204e-21, 1.7841599e-21, 5.78145e-21, 2.8465799e-20, 1.7360099e-20, 8.3721002e-21, 2.45565e-21, 8.1036001e-21, 1.49322e-21, 1.369059e-20, 5.45715e-21, 1.6991249e-20, 2.1587401e-21, 4.4972279e-21, 1.60131e-20, 1.7360099e-20, 9.9300003e-21, 1.98063e-20, 1.4224199e-20, 9.4332299e-21, 2.8851001e-22, 0.0, 1.4325e-22, 7.0284898e-21, 6.7065902e-21, 1.6206601e-20, 8.3721002e-21, 9.9300003e-21, 1.23684e-20, 1.01967e-20, 8.7612604e-21, 6.0257999e-21, 4.1004e-22, 9.0483599e-21, 8.1505498e-21, 6.0195601e-21, 1.8462001e-20, 2.45565e-21, 1.98063e-20, 1.23684e-20, 1.5891e-21, 6.0881701e-21, 4.64508e-21, 0.0, 1.6284e-22, 1.56042e-20, 7.6572303e-21, 3.7252499e-21, 8.1036001e-21, 1.4224199e-20, 1.01967e-20, 1.5891e-21, 2.1640501e-21, 7.46043e-21, 7.22772e-21, 5.9288998e-21, 2.7947999e-21, 9.6213e-22, 2.6641199e-21, 1.49322e-21, 9.4332299e-21, 8.7612604e-21, 6.0881701e-21, 2.1640501e-21, 7.3603799e-21, 1.05525e-21, 3.851688e-20, 1.005e-22, 1.370385e-20, 7.5222302e-21, 1.369059e-20, 2.8851001e-22, 6.0257999e-21, 4.64508e-21, 7.46043e-21, 7.3603799e-21, 5.1612001e-22, 1.321032e-20, 9.0657598e-21, 3.1437601e-21, 1.09008e-21, 5.45715e-21, 0.0, 4.1004e-22, 0.0, 7.22772e-21, 1.05525e-21, 5.1612001e-22, 2.7360001e-22, 0.0, 2.5438801e-21, 1.7841599e-21, 1.20204e-21, 2.1587401e-21, 1.6991249e-20, 7.0284898e-21, 1.4325e-22, 8.1505498e-21, 9.0483599e-21, 1.56042e-20, 1.6284e-22, 2.7947999e-21, 5.9288998e-21, 1.005e-22, 3.851688e-20, 9.0657598e-21, 1.321032e-20, 0.0, 2.7360001e-22, 1.584e-23, 1.584e-23, 3.7168799e-21, 1.177533e-20, 5.78145e-21, 4.4972279e-21, 6.7065902e-21, 6.0195601e-21, 7.6572303e-21, 9.6213e-22, 1.370385e-20, 3.1437601e-21, 2.5438801e-21, 1.177533e-20, 3.7168799e-21], "TransitionLabels": ["3H6->3F4", "3H6->3H5", "3H6->3H4", "3H6->3F3", "3H6->3F2", "3H6->1G4", "3H6->1D2", "3H6->3P0", "3H6->1I6", "3H6->3P1", "3H6->3P2", "3F4->3H6", "3F4->3H5", "3F4->3H4", "3F4->3F3", "3F4->3F2", "3F4->1G4", "3F4->1D2", "3F4->3P0", "3F4->1I6", "3F4->3P1", "3F4->3P2", "3H5->3H6", "3H5->3F4", "3H5->3H4", "3H5->3F3", "3H5->3F2", "3H5->1G4", "3H5->1D2", "3H5->3P0", "3H5->1I6", "3H5->3P1", "3H5->3P2", "3H4->3H6", "3H4->3F4", "3H4->3H5", "3H4->3F3", "3H4->3F2", "3H4->1G4", "3H4->1D2", "3H4->3P0", "3H4->1I6", "3H4->3P1", "3H4->3P2", "3F3->3H6", "3F3->3F4", "3F3->3H5", "3F3->3H4", "3F3->3F2", "3F3->1G4", "3F3->1D2", "3F3->3P0", "3F3->1I6", "3F3->3P1", "3F3->3P2", "3F2->3H6", "3F2->3F4", "3F2->3H5", "3F2->3H4", "3F2->3F3", "3F2->1G4", "3F2->1D2", "3F2->3P0", "3F2->1I6", "3F2->3P1", "3F2->3P2", "1G4->3H6", "1G4->3F4", "1G4->3H5", "1G4->3H4", "1G4->3F3", "1G4->3F2", "1G4->1D2", "1G4->3P0", "1G4->1I6", "1G4->3P1", "1G4->3P2", "1D2->3H6", "1D2->3F4", "1D2->3H5", "1D2->3H4", "1D2->3F3", "1D2->3F2", "1D2->1G4", "1D2->3P0", "1D2->1I6", "1D2->3P1", "1D2->3P2", "3P0->3H6", "3P0->3F4", "3P0->3H5", "3P0->3H4", "3P0->3F3", "3P0->3F2", "3P0->1G4", "3P0->1D2", "3P0->1I6", "3P0->3P1", "3P0->3P2", "3P1->3H6", "1I6->3H6", "3P1->3F4", "1I6->3F4", "3P1->3H5", "1I6->3H5", "3P1->3H4", "1I6->3H4", "3P1->3F3", "1I6->3F3", "3P1->3F2", "1I6->3F2", "3P1->1G4", "1I6->1G4", "3P1->1D2", "1I6->1D2", "3P1->3P0", "1I6->3P0", "3P1->1I6", "1I6->3P1", "3P1->3P2", "1I6->3P2", "3P2->3H6", "3P2->3F4", "3P2->3H5", "3P2->3H4", "3P2->3F3", "3P2->3F2", "3P2->1G4", "3P2->1D2", "3P2->3P0", "3P2->1I6", "3P2->3P1"], "JO_params": [2.0399999e-20, 2.0099999e-20, 1.44e-20], "eigenvectorSL": [[0.0, 2.0], [0.0, 4.0], [0.0, 6.0], [0.0, 0.0], [1.0, 3.0], [1.0, 5.0], [1.0, 1.0]], "intermediateCouplingCoeffs": [[0.0, 0.0, -0.094268971, 0.0, 0.0, -0.995546765, 0.0], [0.0, 0.532561288, 0.0, 0.0, 0.802771157, -0.268210634, 0.0], [0.0, 0.0, 0.0, 0.0, 0.0, 1.0, 0.0], [0.0, -0.383733927, 0.0, 0.0, 0.511454789, 0.768870777, 0.0], [0.0, 0.0, 0.0, 0.0, 1.0, 0.0, 0.0], [0.450171402, 0.0, 0.0, 0.0, -0.880534479, 0.0, 0.148339947], [0.0, -0.754404897, 0.0, 0.0, 0.306549291, -0.58043155, 0.0], [0.587002393, 0.0, 0.0, 0.0, 0.417006588, 0.0, 0.69392629], [0.0, 0.0, 0.0, 0.237240195, 0.0, 0.0, -0.971451023], [0.0, 0.0, 0.995546765, 0.0, 0.0, -0.094268971, 0.0], [0.0, 0.0, 0.0, 0.0, 0.0, 0.0, 1.0], [-0.67288476, 0.0, 0.0, 0.0, -0.225309867, 0.0, 0.704600287]]}