{"EnergyLevelLabels": ["7F6", "7F5", "7F4", "7F3", "7F2", "7F1", "7F0", "5D4", "5D3"], "EnergyLevels": [0.0, 2100.0, 3500.0, 4400.0, 5100.0, 5600.0, 5800.0, 20500.0, 26800.0], "SLJ": [[3.0, 3.0, 6.0], [3.0, 3.0, 5.0], [3.0, 3.0, 4.0], [3.0, 3.0, 3.0], [3.0, 3.0, 2.0], [3.0, 3.0, 1.0], [3.0, 3.0, 0.0], [2.0, 2.0, 4.0], [2.0, 2.0, 3.0]], "absFWHM": [400.0, 400.0, 400.0, 400.0, 400.0, 400.0, 400.0, 400.0, 400.0], "lineStrengths": [1.581e-19, 1.628e-19, 3.8780001e-20, 1.036e-19, 5.7319998e-20, 1.171e-20, 5.0879999e-20, 6.3370003e-20, 9.6280002e-21, 1.084e-20, 1.4490001e-20, 5.6550002e-20, 2.8169999e-21, 3.1080001e-21, 8.0369999e-21, 0.0, 3.9279999e-20, 0.0, 2.2869999e-21, 0.0, 3.0959999e-21, 3.6299999e-23, 4.1250001e-23, 4.6109998e-22, 3.9089999e-21, 1.485e-22, 4.0060002e-21, 2.4320001e-22, 1.477e-20, 0.0, 5.3060001e-22, 5.0230002e-22, 3.2900001e-22, 2.076e-21, 3.07e-22, 4e-23, 1.581e-19, 1.628e-19, 3.8780001e-20, 1.036e-19, 5.7319998e-20, 1.171e-20, 5.0879999e-20, 6.3370003e-20, 9.6280002e-21, 1.084e-20, 1.4490001e-20, 5.6550002e-20, 2.8169999e-21, 3.1080001e-21, 8.0369999e-21, 0.0, 3.9279999e-20, 0.0, 2.2869999e-21, 0.0, 3.0959999e-21, 3.6299999e-23, 4.1250001e-23, 4.6109998e-22, 3.9089999e-21, 1.485e-22, 4.0060002e-21, 2.4320001e-22, 1.477e-20, 0.0, 5.3060001e-22, 5.0230002e-22, 3.2900001e-22, 2.076e-21, 3.07e-22, 4e-23], "TransitionLabels": ["7F5->7F6", "7F4->7F5", "7F4->7F6", "7F3->7F4", "7F3->7F5", "7F3->7F6", "7F2->7F3", "7F2->7F4", "7F2->7F5", "7F2->7F6", "7F1->7F2", "7F1->7F3", "7F1->7F4", "7F1->7F5", "7F1->7F6", "7F0->7F1", "7F0->7F2", "7F0->7F3", "7F0->7F4", "7F0->7F5", "7F0->7F6", "5D4->7F0", "5D4->7F1", "5D4->7F2", "5D4->7F3", "5D4->7F4", "5D4->7F5", "5D4->7F6", "5D3->5D4", "5D3->7F0", "5D3->7F1", "5D3->7F2", "5D3->7F3", "5D3->7F4", "5D3->7F5", "5D3->7F6", "7F6->7F5", "7F5->7F4", "7F6->7F4", "7F4->7F3", "7F5->7F3", "7F6->7F3", "7F3->7F2", "7F4->7F2", "7F5->7F2", "7F6->7F2", "7F2->7F1", "7F3->7F1", "7F4->7F1", "7F5->7F1", "7F6->7F1", "7F1->7F0", "7F2->7F0", "7F3->7F0", "7F4->7F0", "7F5->7F0", "7F6->7F0", "7F0->5D4", "7F1->5D4", "7F2->5D4", "7F3->5D4", "7F4->5D4", "7F5->5D4", "7F6->5D4", "5D4->5D3", "7F0->5D3", "7F1->5D3", "7F2->5D3", "7F3->5D3", "7F4->5D3", "7F5->5D3", "7F6->5D3"], "JO_params": [2.8299999e-19, 1.6499999e-20, 2.1499999e-20], "eigenvectorSL": [[0.5, 2.0], [0.5, 2.0], [0.5, 2.0], [0.5, 2.0], [0.5, 2.0], [0.5, 3.0], [0.5, 3.0], [0.5, 3.0], [0.5, 3.0], [0.5, 3.0], [0.5, 3.0], [0.5, 3.0], [0.5, 4.0], [0.5, 4.0], [0.5, 4.0], [0.5, 4.0], [0.5, 4.0], [0.5, 4.0], [0.5, 5.0], [0.5, 5.0], [0.5, 5.0], [0.5, 5.0], [0.5, 5.0], [0.5, 5.0], [0.5, 5.0], [0.5, 6.0], [0.5, 6.0], [0.5, 6.0], [0.5, 6.0], [0.5, 6.0], [0.5, 7.0], [0.5, 7.0], [0.5, 7.0], [0.5, 7.0], [0.5, 7.0], [0.5, 8.0], [0.5, 8.0], [0.5, 8.0], [0.5, 9.0], [0.5, 9.0], [0.5, 10.0], [0.5, 11.0], [0.5, 1.0], [0.5, 1.0], [0.5, 1.0], [0.5, 1.0], [1.5, 2.0], [1.5, 2.0], [1.5, 2.0], [1.5, 3.0], [1.5, 3.0], [1.5, 3.0], [1.5, 3.0], [1.5, 4.0], [1.5, 4.0], [1.5, 4.0], [1.5, 4.0], [1.5, 5.0], [1.5, 5.0], [1.5, 5.0], [1.5, 6.0], [1.5, 6.0], [1.5, 6.0], [1.5, 7.0], [1.5, 7.0], [1.5, 8.0], [1.5, 9.0], [1.5, 1.0], [1.5, 1.0], [1.5, 0.0], [2.5, 3.0], [2.5, 5.0], [2.5, 1.0]], "intermediateCouplingCoeffs": [[-0.001466347, -0.002505629, 0.000498872, -0.001491469, 0.002927076, 0.009577941, 0.013951959, 0.000971031, -0.006078768, 0.008518246, 0.013694464, 0.014541633, 0.0, 0.0, 0.0, 0.0, 0.0, 0.0, 0.0, 0.0, 0.0, 0.0, 0.0, 0.0, 0.0, 0.0, 0.0, 0.0, 0.0, 0.0, 0.0, 0.0, 0.0, 0.0, 0.0, 0.0, 0.0, 0.0, 0.0, 0.0, 0.0, 0.0, 0.0, 0.0, 0.0, 0.0, -0.001800605, -0.002059811, 0.002500563, -0.007493577, -0.000655419, 0.016575016, 0.007292007, 0.124492602, -0.032908551, -0.033313759, 0.151966597, 0.0, 0.0, 0.0, 0.0, 0.0, 0.0, 0.0, 0.0, 0.0, 0.0, 0.000337383, -0.00067114, 0.0, -0.014451292, -0.978668468, -0.000224375], [0.0, 0.0, 0.0, 0.0, 0.0, 0.004506522, 0.006891714, 0.000834734, -0.002845054, 0.003951729, 0.006536494, 0.007737824, -0.00303216, 0.002000587, 8.89117e-05, -0.002636504, -0.003188068, -0.000437479, 0.0, 0.0, 0.0, 0.0, 0.0, 0.0, 0.0, 0.0, 0.0, 0.0, 0.0, 0.0, 0.0, 0.0, 0.0, 0.0, 0.0, 0.0, 0.0, 0.0, 0.0, 0.0, 0.0, 0.0, 0.0, 0.0, 0.0, 0.0, -0.001395016, -0.001585252, 0.002113454, -0.006759488, -0.000233694, 0.01620279, 0.007213734, 0.10096318, -0.02593929, -0.023217434, 0.124251946, 0.002272447, 0.011317459, -0.012105209, 0.0, 0.0, 0.0, 0.0, 0.0, 0.0, 0.0, 0.0, 0.0, 0.0, -0.017785368, -0.985883001, -0.000191326], [0.0, 0.0, 0.0, 0.0, 0.0, 0.0, 0.0, 0.0, 0.0, 0.0, 0.0, 0.0, 0.001990664, -0.001386242, 0.000405303, 0.001258932, 0.002393892, 0.000515568, -0.007280383, -0.009177687, -0.012909656, -0.011965424, -0.00997151, -0.011054584, -0.013240585, 0.0, 0.0, 0.0, 0.0, 0.0, 0.0, 0.0, 0.0, 0.0, 0.0, 0.0, 0.0, 0.0, 0.0, 0.0, 0.0, 0.0, 0.0, 0.0, 0.0, 0.0, 0.0, 0.0, 0.0, 0.003686039, -0.000247214, -0.009978295, -0.004485982, -0.071678326, 0.01716331, 0.012699996, -0.089450887, 0.009467905, -0.009863647, 0.027684225, 0.019449791, -0.000557675, 0.036120036, 0.0, 0.0, 0.0, 0.0, 0.0, 0.0, 0.0, 0.014614836, 0.991243513, 0.0], [0.0, 0.0, 0.0, 0.0, 0.0, 0.0, 0.0, 0.0, 0.0, 0.0, 0.0, 0.0, 0.0, 0.0, 0.0, 0.0, 0.0, 0.0, 0.006310702, 0.009212506, 0.014109418, 0.013616675, 0.01010728, 0.008322312, 0.012915482, 0.002478173, -0.001065419, 0.002985344, 0.005418876, 7.62898e-05, 0.0, 0.0, 0.0, 0.0, 0.0, 0.0, 0.0, 0.0, 0.0, 0.0, 0.0, 0.0, 0.0, 0.0, 0.0, 0.0, 0.0, 0.0, 0.0, 0.0, 0.0, 0.0, 0.0, 0.040261368, -0.009123257, -0.00423924, 0.051550613, -0.015918548, 0.009105572, -0.036186912, -0.039495908, 0.001067603, -0.077074194, 0.007481547, -0.003557147, 0.0, 0.0, 0.0, 0.0, 0.0, -0.008044072, -0.992696703, 0.0], [0.0, 0.0, 0.0, 0.0, 0.0, 0.0, 0.0, 0.0, 0.0, 0.0, 0.0, 0.0, 0.0, 0.0, 0.0, 0.0, 0.0, 0.0, 0.0, 0.0, 0.0, 0.0, 0.0, 0.0, 0.0, 0.004296243, -0.000355042, 0.005433095, 0.008280206, 0.000340442, -0.007202707, 0.000378215, 0.001080929, -0.006065057, 0.007012107, 0.0, 0.0, 0.0, 0.0, 0.0, 0.0, 0.0, 0.0, 0.0, 0.0, 0.0, 0.0, 0.0, 0.0, 0.0, 0.0, 0.0, 0.0, 0.0, 0.0, 0.0, 0.0, -0.012279662, 0.009706255, -0.031815954, -0.061211373, -0.000554502, -0.125444904, 0.015265746, -0.006473642, 0.002722415, 0.0, 0.0, 0.0, 0.0, 0.0, -0.989303236, 0.0], [0.0, 0.0, 0.0, 0.0, 0.0, 0.0, 0.0, 0.0, 0.0, 0.0, 0.0, 0.0, 0.0, 0.0, 0.0, 0.0, 0.0, 0.0, 0.0, 0.0, 0.0, 0.0, 0.0, 0.0, 0.0, 0.0, 0.0, 0.0, 0.0, 0.0, 0.0, 0.0, 0.0, 0.0, 0.0, 0.0, 0.0, 0.0, 0.0, 0.0, 0.0, 0.0, 0.010635136, 0.000260907, -0.014124196, 0.017654368, 0.079939594, 0.109258246, -0.107984878, 0.0, 0.0, 0.0, 0.0, 0.0, 0.0, 0.0, 0.0, 0.0, 0.0, 0.0, 0.0, 0.0, 0.0, 0.0, 0.0, 0.0, 0.0, -0.004092272, 0.004109096, 0.0, 0.98455756, 0.0, 0.0], [0.0, 0.0, 0.0, 0.0, 0.0, 0.0, 0.0, 0.0, 0.0, 0.0, 0.0, 0.0, 0.0, 0.0, 0.0, 0.0, 0.0, 0.0, 0.0, 0.0, 0.0, 0.0, 0.0, 0.0, 0.0, 0.0, 0.0, 0.0, 0.0, 0.0, -0.017067256, 0.000592196, 0.000647295, -0.015346357, 0.019616952, 0.002300508, 0.000225744, 0.004512348, 0.0, 0.0, 0.0, 0.0, 0.0, 0.0, 0.0, 0.0, 0.0, 0.0, 0.0, 0.0, 0.0, 0.0, 0.0, 0.0, 0.0, 0.0, 0.0, 0.0, 0.0, 0.0, -0.081841826, -0.006644725, -0.176472629, 0.019711141, -0.007129864, 0.003579575, -0.001438352, 0.0, 0.0, 0.0, 0.0, -0.980164694, 0.0], [0.009514652, 0.012194612, -0.001762653, 0.011129183, -0.01309509, 0.0, 0.0, 0.0, 0.0, 0.0, 0.0, 0.0, 0.0, 0.0, 0.0, 0.0, 0.0, 0.0, 0.0, 0.0, 0.0, 0.0, 0.0, 0.0, 0.0, 0.0, 0.0, 0.0, 0.0, 0.0, 0.0, 0.0, 0.0, 0.0, 0.0, 0.0, 0.0, 0.0, 0.0, 0.0, 0.0, 0.0, 0.004929483, 0.000599346, -0.005884126, 0.007759948, 0.072796281, 0.101568564, -0.100293566, 0.062362819, -0.010116889, -0.121508456, -0.042477735, 0.0, 0.0, 0.0, 0.0, 0.0, 0.0, 0.0, 0.0, 0.0, 0.0, 0.0, 0.0, 0.0, 0.0, -0.008464189, 0.009866172, 0.000512701, 0.97617627, 0.0, 0.00436508], [-0.013324561, -0.016438543, 0.002011468, -0.015252197, 0.017397788, 0.013509367, 0.018698139, 0.003579217, -0.008895935, 0.017443653, 0.018747548, 0.016473593, 0.0, 0.0, 0.0, 0.0, 0.0, 0.0, 0.0, 0.0, 0.0, 0.0, 0.0, 0.0, 0.0, 0.0, 0.0, 0.0, 0.0, 0.0, 0.0, 0.0, 0.0, 0.0, 0.0, 0.0, 0.0, 0.0, 0.0, 0.0, 0.0, 0.0, 0.0, 0.0, 0.0, 0.0, 